Ticker,Security,GICS_Sector,GICS_Sub_Industry,Address,Date_added,CIK
MMM,3M Company,Industrials,Industrial Conglomerates,"St. Paul, Minnesota",,66740
ABT,Abbott Laboratories,Health Care,Health Care Equipment,"North Chicago, Illinois",1964/3/31,1800
ABBV,AbbVie Inc.,Health Care,Pharmaceuticals,"North Chicago, Illinois",2012/12/31,1551152
ACN,Accenture plc,Information Technology,IT Consulting & Other Services,"Dublin, Ireland",2011/7/6,1467373
ATVI,Activision Blizzard,Information Technology,Home Entertainment Software,"Santa Monica, California",2015/8/31,718877
AYI,Acuity Brands Inc,Industrials,Electrical Components & Equipment,"Atlanta, Georgia",2016/5/3,1144215
ADBE,Adobe Systems Inc,Information Technology,Application Software,"San Jose, California",1997/5/5,796343
AMD,Advanced Micro Devices Inc,Information Technology,Semiconductors,"Sunnyvale, California",2017/3/20,2488
AAP,Advance Auto Parts,Consumer Discretionary,Automotive Retail,"Roanoke, Virginia",2015/7/9,1158449
AES,AES Corp,Utilities,Independent Power Producers & Energy Traders,"Arlington, Virginia",1998/10/2,874761
AET,Aetna Inc,Health Care,Managed Health Care,"Hartford, Connecticut",1976/6/30,1122304
AMG,Affiliated Managers Group Inc,Financials,Asset Management & Custody Banks,"Beverly, Massachusetts",2014/7/1,1004434
AFL,AFLAC Inc,Financials,Life & Health Insurance,"Columbus, Georgia",1999/5/28,4977
A,Agilent Technologies Inc,Health Care,Health Care Equipment,"Santa Clara, California",2000/6/5,1090872
APD,Air Products & Chemicals Inc,Materials,Industrial Gases,"Allentown, Pennsylvania",1985/4/30,2969
AKAM,Akamai Technologies Inc,Information Technology,Internet Software & Services,"Cambridge, Massachusetts",2007/7/12,1086222
ALK,Alaska Air Group Inc,Industrials,Airlines,"Seattle, Washington",2016/5/13,766421
ALB,Albemarle Corp,Materials,Specialty Chemicals,"Baton Rouge, Louisiana",2016/7/1,915913
ARE,Alexandria Real Estate Equities?Inc,Real Estate,Office REITs,"Pasadena, California",2017/3/20,1035443
ALXN,Alexion Pharmaceuticals,Health Care,Biotechnology,"Cheshire, Connecticut",2012/5/25,899866
ALGN,Align Technology,Health Care,Health Care Supplies,"San Jose, California",2017/6/19,1097149
ALLE,Allegion,Industrials,Building Products,"Dublin, Ireland",2013/12/2,1579241
AGN,"Allergan, Plc",Health Care,Pharmaceuticals,"Dublin, Ireland",1999/4/12,1578845
ADS,Alliance Data Systems,Information Technology,Data Processing & Outsourced Services,"Plano, Texas",2013/12/23,1101215
LNT,Alliant Energy Corp,Utilities,Electric Utilities,"Madison, Wisconsin",2016/7/1,352541
ALL,Allstate Corp,Financials,Property & Casualty Insurance,"Northfield Township, Illinois",1995/7/13,899051
GOOGL,Alphabet Inc Class A,Information Technology,Internet Software & Services,"Mountain View, California",2014/4/3,1652044
GOOG,Alphabet Inc Class C,Information Technology,Internet Software & Services,"Mountain View, California",2006/4/3,1652044
MO,Altria Group Inc,Consumer Staples,Tobacco,"Richmond, Virginia",,764180
AMZN,Amazon.com Inc.,Consumer Discretionary,Internet & Direct Marketing Retail,"Seattle, Washington",2005/11/18,1018724
AEE,Ameren Corp,Utilities,Multi-Utilities,"St. Louis, Missouri",1991/9/19,1002910
AAL,American Airlines Group,Industrials,Airlines,"Fort Worth, Texas",2015/3/23,6201
AEP,American Electric Power,Utilities,Electric Utilities,"Columbus, Ohio",,4904
AXP,American Express Co,Financials,Consumer Finance,"New York, New York",1976/6/30,4962
AIG,"American International Group, Inc.",Financials,Property & Casualty Insurance,"New York, New York",1980/3/31,5272
AMT,American Tower Corp A,Real Estate,Specialized REITs,"Boston, Massachusetts",2007/11/19,1053507
AWK,American Water Works Company Inc,Utilities,Water Utilities,"Voorhees, New Jersey",2016/3/4,1410636
AMP,Ameriprise Financial,Financials,Asset Management & Custody Banks,"Minneapolis, Minnesota",2005/10/3,820027
ABC,AmerisourceBergen Corp,Health Care,Health Care Distributors,"Chesterbrook, Pennsylvania",2001/8/30,1140859
AME,AMETEK Inc.,Industrials,Electrical Components & Equipment,"Berwyn, Pennsylvania",2013/9/23,1037868
AMGN,Amgen Inc.,Health Care,Biotechnology,"Thousand Oaks, California",1992/1/2,318154
APH,Amphenol Corp,Information Technology,Electronic Components,"Wallingford, Connecticut",2008/9/30,820313
APC,Anadarko Petroleum Corp,Energy,Oil & Gas Exploration & Production,"The Woodlands, Texas",1997/7/28,773910
ADI,"Analog Devices, Inc.",Information Technology,Semiconductors,"Norwood, Massachusetts",1999/10/12,6281
ANDV,Andeavor,Energy,Oil & Gas Refining & Marketing,"San Antonio, Texas",2007/9/27,50104
ANSS,ANSYS,Information Technology,Application Software,"Canonsburg, Pennsylvania",2017/6/19,1013462
ANTM,Anthem Inc.,Health Care,Managed Health Care,"Indianapolis, Indiana",2002/7/25,1156039
AON,Aon plc,Financials,Insurance Brokers,"London,?United Kingdom",1996/4/23,315293
AOS,A.O. Smith?Corp,Industrials,Building Products,"Milwaukee, Wisconsin",2017/7/26,91142
APA,Apache Corporation,Energy,Oil & Gas Exploration & Production,"Houston, Texas",1997/7/28,6769
AIV,Apartment Investment & Management,Real Estate,Residential REITs,"Denver, Colorado",2003/3/14,922864
AAPL,Apple Inc.,Information Technology,"Technology Hardware, Storage & Peripherals","Cupertino, California",1982/11/30,320193
AMAT,Applied Materials Inc.,Information Technology,Semiconductor Equipment,"Santa Clara, California",1995/3/16,6951
APTV,Aptiv Plc,Consumer Discretionary,Auto Parts & Equipment,"Gillingham, Kent,?United Kingdom",2012/12/24,1521332
ADM,Archer-Daniels-Midland Co,Consumer Staples,Agricultural Products,"Decatur, Illinois",1981/7/29,7084
ARNC,Arconic Inc.,Industrials,Aerospace & Defense,"New York, New York",1964/3/31,4281
AJG,Arthur J. Gallagher & Co.,Financials,Insurance Brokers,"Itasca, Illinois",2016/5/31,354190
AIZ,Assurant?Inc.,Financials,Multi-line Insurance,"New York, New York",2007/4/10,1267238
T,AT&T Inc.,Telecommunication Services,Integrated Telecommunication Services,"Dallas, Texas",1983/11/30,732717
ADSK,Autodesk Inc.,Information Technology,Application Software,"San Rafael, California",1989/12/1,769397
ADP,Automatic Data Processing,Information Technology,Internet Software & Services,"Roseland, New Jersey",1981/3/31,8670
AZO,AutoZone Inc,Consumer Discretionary,Specialty Stores,"Memphis, Tennessee",1997/1/2,866787
AVB,"AvalonBay Communities, Inc.",Real Estate,Residential REITs,"Arlington, Virginia[5]",2007/1/10,915912
AVY,Avery Dennison Corp,Materials,Paper Packaging,"Glendale, California",1987/12/31,8818
BHGE,"Baker Hughes, a GE Company",Energy,Oil & Gas Equipment & Services,"Houston, Texas",,1701605
BLL,Ball Corp,Materials,Metal & Glass Containers,"Broomfield, Colorado",1984/10/31,9389
BAC,Bank of America Corp,Financials,Diversified Banks,"Charlotte, North Carolina",1976/6/30,70858
BK,The Bank of New York Mellon Corp.,Financials,Asset Management & Custody Banks,"New York, New York",1995/3/31,1390777
BAX,Baxter International Inc.,Health Care,Health Care Equipment,"Deerfield, Illinois",1972/9/30,10456
BBT,BB&T Corporation,Financials,Regional Banks,"Winston-Salem, North Carolina",1997/12/4,92230
BDX,Becton Dickinson,Health Care,Health Care Equipment,"Franklin Lakes, New Jersey",1972/9/30,10795
BRK.B,Berkshire Hathaway,Financials,Multi-Sector Holdings,"Omaha, Nebraska",2010/2/16,1067983
BBY,Best Buy Co. Inc.,Consumer Discretionary,Computer & Electronics Retail,"Richfield, Minnesota",1999/6/29,764478
BIIB,Biogen Inc.,Health Care,Biotechnology,"Weston, Massachusetts",2003/11/13,875045
BLK,BlackRock,Financials,Asset Management & Custody Banks,"New York, New York",2011/4/4,1364742
HRB,Block H&R,Financials,Consumer Finance,"Kansas City, Missouri",1986/11/30,12659
BA,Boeing Company,Industrials,Aerospace & Defense,"Chicago, Illinois",,12927
BKNG,Booking Holdings Inc,Consumer Discretionary,Internet & Direct Marketing Retail,"Norwalk, Connecticut",2009/11/6,1075531
BWA,BorgWarner,Consumer Discretionary,Auto Parts & Equipment,"Auburn Hills, Michigan",2011/12/19,908255
BXP,Boston Properties,Real Estate,Office REITs,"Boston, Massachusetts",2006/4/3,1037540
BSX,Boston Scientific,Health Care,Health Care Equipment,"Marlborough, Massachusetts[6]",1995/2/24,885725
BHF,Brighthouse Financial Inc,Financials,Life & Health Insurance,"Charlotte, North Carolina",2017/8/8,1685040
BMY,Bristol-Myers Squibb,Health Care,Health Care Distributors,"New York, New York",,14272
AVGO,Broadcom,Information Technology,Semiconductors,"San Jose, California",2014/5/8,1441634
BF.B,Brown-Forman Corp.,Consumer Staples,Distillers & Vintners,"Louisville, Kentucky",1982/10/31,14693
CHRW,C. H. Robinson Worldwide,Industrials,Air Freight & Logistics,"Eden Prairie, Minnesota",2007/3/2,1043277
CA,"CA, Inc.",Information Technology,Systems Software,"Islandia, New York",1987/7/31,356028
COG,Cabot Oil & Gas,Energy,Oil & Gas Exploration & Production,"Houston, Texas",2008/6/23,858470
CDNS,Cadence Design Systems,Information Technology,Application Software,"San Jose, California",2017/9/18,813672
CPB,Campbell Soup,Consumer Staples,Packaged Foods & Meats,"Camden, New Jersey",,16732
COF,Capital One Financial,Financials,Consumer Finance,"Tysons Corner, Virginia",1998/7/1,927628
CAH,Cardinal Health?Inc.,Health Care,Health Care Distributors,"Dublin, Ohio",1997/5/27,721371
KMX,Carmax Inc,Consumer Discretionary,Specialty Stores,"Richmond, Virginia",2010/6/28,1170010
CCL,Carnival Corp.,Consumer Discretionary,"Hotels, Resorts & Cruise Lines","Miami, Florida",1998/12/22,815097
CAT,Caterpillar Inc.,Industrials,Construction Machinery & Heavy Trucks,"Peoria, Illinois",,18230
CBOE,Cboe Global Markets,Financials,Financial Exchanges & Data,"Chicago, Illinois",2017/3/1,1374310
CBRE,CBRE Group,Real Estate,Real Estate Services,"Los Angeles, California",2006/11/10,1138118
CBS,CBS Corp.,Consumer Discretionary,Broadcasting,"New York, New York",1994/9/1,813828
CELG,Celgene Corp.,Health Care,Biotechnology,"Summit, New Jersey",2006/11/6,816284
CNC,Centene Corporation,Health Care,Managed Health Care,"St Louis, Missouri",2016/3/30,1071739
CNP,CenterPoint Energy,Utilities,Multi-Utilities,"Houston, Texas",1985/7/31,1130310
CTL,CenturyLink Inc,Telecommunication Services,Integrated Telecommunication Services,"Monroe, Louisiana",1999/3/25,18926
CERN,Cerner,Health Care,Health Care Technology,"North Kansas City, Missouri",2010/4/30,804753
CF,CF Industries Holdings Inc,Materials,Fertilizers & Agricultural Chemicals,"Deerfield, Illinois",2008/8/27,1324404
SCHW,Charles Schwab Corporation,Financials,Investment Banking & Brokerage,"San Francisco, California",1997/6/2,316709
CHTR,Charter Communications,Consumer Discretionary,Cable & Satellite,"Stamford, Connecticut",2016/9/8,1091667
CVX,Chevron Corp.,Energy,Integrated Oil & Gas,"San Ramon, California",,93410
CMG,Chipotle Mexican Grill,Consumer Discretionary,Restaurants,"Denver, Colorado",2011/4/28,1058090
CB,Chubb Limited,Financials,Property & Casualty Insurance,"Zurich, Switzerland",2010/7/15,896159
CHD,Church & Dwight,Consumer Staples,Household Products,"Ewing, New Jersey",2015/12/29,313927
CI,CIGNA Corp.,Health Care,Managed Health Care,"Philadelphia, Pennsylvania",1976/6/30,701221
XEC,Cimarex Energy,Energy,Oil & Gas Exploration & Production,"Denver, Colorado",2014/6/21,1168054
CINF,Cincinnati Financial,Financials,Property & Casualty Insurance,"Fairfield, Ohio",1997/12/18,20286
CTAS,Cintas Corporation,Industrials,Diversified Support Services,"Mason, Ohio",2001/3/1,723254
CSCO,Cisco Systems,Information Technology,Communications Equipment,"San Jose, California",1993/12/1,858877
C,Citigroup Inc.,Financials,Diversified Banks,"New York, New York",1988/5/31,831001
CFG,Citizens Financial Group,Financials,Regional Banks,"Providence, Rhode Island",2016/1/29,759944
CTXS,Citrix Systems,Information Technology,Internet Software & Services,"Fort Lauderdale, Florida",1999/12/1,877890
CLX,The Clorox Company,Consumer Staples,Household Products,"Oakland, California",1969/3/31,21076
CME,CME Group Inc.,Financials,Financial Exchanges & Data,"Chicago, Illinois",2006/8/11,1156375
CMS,CMS Energy,Utilities,Multi-Utilities,"Jackson, Michigan",1999/5/3,811156
KO,Coca-Cola Company?(The),Consumer Staples,Soft Drinks,"Atlanta, Georgia",,21344
CTSH,Cognizant Technology Solutions,Information Technology,IT Consulting & Other Services,"Teaneck, New Jersey",2006/11/17,1058290
CL,Colgate-Palmolive,Consumer Staples,Household Products,"New York, New York",,21665
CMCSA,Comcast Corp.,Consumer Discretionary,Cable & Satellite,"Philadelphia, Pennsylvania",2015/9/18,1166691
CMA,Comerica Inc.,Financials,Diversified Banks,"Dallas, Texas",1995/12/1,28412
CAG,Conagra Brands,Consumer Staples,Packaged Foods & Meats,"Chicago, Illinois",1983/8/31,23217
CXO,Concho Resources,Energy,Oil & Gas Exploration & Production,"Midland, Texas",2016/2/22,1358071
COP,ConocoPhillips,Energy,Oil & Gas Exploration & Production,"Houston, Texas",,1163165
ED,Consolidated Edison,Utilities,Electric Utilities,"New York, New York",,1047862
STZ,Constellation Brands,Consumer Staples,Distillers & Vintners,"Victor, New York",2005/7/5,16918
COO,The Cooper Companies,Health Care,Health Care Supplies,"Pleasanton, California",2016/9/23,711404
GLW,Corning Inc.,Information Technology,Electronic Components,"Corning, New York",,24741
COST,Costco Wholesale Corp.,Consumer Staples,Hypermarkets & Super Centers,"Issaquah, Washington",1993/10/1,909832
COTY,"Coty, Inc",Consumer Staples,Personal Products,"New York, New York",2016/10/3,1024305
CCI,Crown Castle International Corp.,Real Estate,Specialized REITs,"Houston, Texas",2012/3/14,1051470
CSX,CSX Corp.,Industrials,Railroads,"Jacksonville, Florida",1967/9/30,277948
CMI,Cummins Inc.,Industrials,Industrial Machinery,"Columbus, Indiana",1965/3/31,26172
CVS,CVS Health,Consumer Staples,Drug Retail,"Woonsocket, Rhode Island",,64803
DHI,D. R. Horton,Consumer Discretionary,Homebuilding,"Fort Worth, Texas",,882184
DHR,Danaher Corp.,Health Care,Health Care Equipment,"Washington, D.C.",,313616
DRI,Darden Restaurants,Consumer Discretionary,Restaurants,"Orlando, Florida",,940944
DVA,DaVita?Inc.,Health Care,Health Care Facilities,"Denver, Colorado",2008/7/31,927066
DE,Deere & Co.,Industrials,Agricultural & Farm Machinery,"Moline, Illinois",,315189
DAL,Delta Air Lines?Inc.,Industrials,Airlines,"Atlanta, Georgia",2013/9/11,27904
XRAY,Dentsply Sirona,Health Care,Health Care Supplies,"York, Pennsylvania",2008/11/14,818479
DVN,Devon Energy?Corp.,Energy,Oil & Gas Exploration & Production,"Oklahoma City, Oklahoma",2000/8/30,1090012
DLR,Digital Realty?Trust Inc,Real Estate,Specialized REITs,"San Francisco, California",2016/5/18,1297996
DFS,Discover Financial Services,Financials,Consumer Finance,"Riverwoods, Illinois",2007/7/2,1393612
DISCA,Discovery Inc.?Class A,Consumer Discretionary,Cable & Satellite,"Silver Spring, Maryland",2010/3/1,1437107
DISCK,Discovery Inc.?Class C,Consumer Discretionary,Cable & Satellite,"Silver Spring, Maryland",2014/8/7,1437107
DISH,Dish Network,Consumer Discretionary,Cable & Satellite,"Meridian, Colorado",2017/3/13,1001082
DG,Dollar General,Consumer Discretionary,General Merchandise Stores,"Goodlettsville, Tennessee",2012/12/3,29534
DLTR,Dollar Tree,Consumer Discretionary,General Merchandise Stores,"Chesapeake, Virginia",2011/12/19,935703
D,Dominion Energy,Utilities,Electric Utilities,"Richmond, Virginia",,715957
DOV,Dover Corp.,Industrials,Industrial Machinery,"Downers Grove, Illinois",1985/10/31,29905
DWDP,DowDuPont,Materials,Diversified Chemicals,"Midland, Michigan",,1666700
DPS,Dr Pepper Snapple Group,Consumer Staples,Soft Drinks,"Plano, Texas",2008/10/7,1418135
DTE,DTE Energy?Co.,Utilities,Multi-Utilities,"Detroit, Michigan",,936340
DRE,Duke Realty?Corp,Real Estate,Industrial REITs,"Indianapolis, Indiana",2017/7/26,783280
DUK,Duke Energy,Utilities,Electric Utilities,"Charlotte, North Carolina",1976/6/30,1326160
DXC,DXC Technology,Information Technology,IT Consulting & Other Services,"Tysons Corner, Virginia",2017/4/4,1688568
ETFC,E*Trade,Financials,Investment Banking & Brokerage,"New York, New York",2004/3/31,1015780
EMN,Eastman Chemical,Materials,Diversified Chemicals,"Kingsport, Tennessee",1994/1/1,915389
ETN,Eaton Corporation,Industrials,Electrical Components & Equipment,"Dublin, Ireland",,1551182
EBAY,eBay?Inc.,Information Technology,Internet Software & Services,"San Jose, California",,1065088
ECL,Ecolab?Inc.,Materials,Specialty Chemicals,"St. Paul, Minnesota",1989/1/31,31462
EIX,Edison Int'l,Utilities,Electric Utilities,"Rosemead, California",,827052
EW,Edwards Lifesciences,Health Care,Health Care Equipment,"Irvine, California",2011/4/1,1099800
EA,Electronic Arts,Information Technology,Home Entertainment Software,"Redwood City, California",2002/7/22,712515
EMR,Emerson Electric Company,Industrials,Electrical Components & Equipment,"Ferguson, Missouri",1965/3/31,32604
ETR,Entergy Corp.,Utilities,Electric Utilities,"New Orleans, Louisiana",,65984
EVHC,Envision Healthcare,Health Care,Health Care Services,"Nashville, Tennessee",2016/12/2,895930
EOG,EOG Resources,Energy,Oil & Gas Exploration & Production,"Houston, Texas",2000/11/2,821189
EQT,EQT Corporation,Energy,Oil & Gas Exploration & Production,"Pittsburgh, Pennsylvania",2008/12/19,33213
EFX,Equifax Inc.,Industrials,Research & Consulting Services,"Atlanta, Georgia",1997/6/19,33185
EQIX,Equinix,Real Estate,Specialized REITs,"Redwood City, California",2015/3/20,1101239
EQR,Equity Residential,Real Estate,Residential REITs,"Chicago, Illinois",2001/12/3,906107
ESS,"Essex Property Trust, Inc.",Real Estate,Residential REITs,"Palo Alto, California",2014/4/2,920522
EL,Estee Lauder Cos.,Consumer Staples,Personal Products,"New York, New York",2006/1/5,1001250
ES,Eversource Energy,Utilities,Multi-Utilities,"Springfield, Massachusetts",,72741
RE,Everest Re?Group Ltd.,Financials,Reinsurance,"Hamilton, Bermuda",2017/6/19,1095073
EXC,Exelon Corp.,Utilities,Multi-Utilities,"Chicago, Illinois",,1109357
EXPE,Expedia Inc.,Consumer Discretionary,Internet & Direct Marketing Retail,"Bellevue, Washington",2007/10/2,1324424
EXPD,Expeditors International,Industrials,Air Freight & Logistics,"Seattle, Washington",2007/10/10,746515
ESRX,Express Scripts,Health Care,Health Care Distributors,"Cool Valley, Missouri",2003/9/25,1532063
EXR,Extra Space Storage,Real Estate,Specialized REITs,"Salt Lake City, Utah",2016/1/19,1289490
XOM,Exxon Mobil Corp.,Energy,Integrated Oil & Gas,"Irving, Texas",,34088
FFIV,F5 Networks,Information Technology,Communications Equipment,"Seattle, Washington",2010/12/20,1048695
FB,"Facebook, Inc.",Information Technology,Internet Software & Services,"Menlo Park, California",2013/12/23,1326801
FAST,Fastenal Co,Industrials,Building Products,"Winona, Minnesota",2009/9/15,815556
FRT,Federal Realty Investment Trust,Real Estate,Retail REITs,"Rockville, Maryland",2016/2/1,34903
FDX,FedEx Corporation,Industrials,Air Freight & Logistics,"Memphis, Tennessee",1980/12/31,1048911
FIS,Fidelity National Information Services,Information Technology,Internet Software & Services,"Jacksonville, Florida",2006/11/10,1136893
FITB,Fifth Third Bancorp,Financials,Regional Banks,"Cincinnati, Ohio",,35527
FE,FirstEnergy Corp,Utilities,Electric Utilities,"Akron, Ohio",,1031296
FISV,Fiserv Inc,Information Technology,Internet Software & Services,"Brookfield, Wisconsin",2001/4/2,798354
FLIR,FLIR Systems,Information Technology,Electronic Equipment & Instruments,"Wilsonville, Oregon",2009/1/2,354908
FLS,Flowserve Corporation,Industrials,Industrial Machinery,"Irving, Texas",2008/10/2,30625
FLR,Fluor Corp.,Industrials,Construction & Engineering,"Irving, Texas",1980/3/31,1124198
FMC,FMC Corporation,Materials,Fertilizers & Agricultural Chemicals,"Philadelphia, Pennsylvania",2009/8/19,37785
FL,Foot Locker Inc,Consumer Discretionary,Apparel Retail,"New York, New York",2016/4/4,850209
F,Ford Motor,Consumer Discretionary,Automobile Manufacturers,"Dearborn, Michigan",,37996
FTV,Fortive Corp,Industrials,Industrial Machinery,"Everett, Washington",2016/7/1,1659166
FBHS,Fortune Brands Home & Security,Industrials,Building Products,"Deerfield, Illinois",2016/6/22,1519751
BEN,Franklin Resources,Financials,Asset Management & Custody Banks,"San Mateo, California",,38777
FCX,Freeport-McMoRan Inc.,Materials,Copper,"Phoenix, Arizona",,831259
GPS,Gap Inc.,Consumer Discretionary,Apparel Retail,"San Francisco, California",1986/8/31,39911
GRMN,Garmin Ltd.,Consumer Discretionary,Consumer Electronics,"Schaffhausen, Switzerland",2012/12/12,1121788
IT,Gartner Inc,Information Technology,IT Consulting & Other Services,"Stamford, Connecticut",2017/4/5,749251
GD,General Dynamics,Industrials,Aerospace & Defense,"Falls Church, Virginia",,40533
GE,General Electric,Industrials,Industrial Conglomerates,"Boston, Massachusetts",,40545
GGP,General Growth Properties Inc.,Real Estate,Retail REITs,"Chicago, Illinois",2013/12/10,1496048
GIS,General Mills,Consumer Staples,Packaged Foods & Meats,"Golden Valley, Minnesota",1969/3/31,40704
GM,General Motors,Consumer Discretionary,Automobile Manufacturers,"Detroit, Michigan",2013/6/6,1467858
GPC,Genuine Parts,Consumer Discretionary,Specialty Stores,"Atlanta, Georgia",1973/12/31,40987
GILD,Gilead Sciences,Health Care,Biotechnology,"Foster City, California",2004/7/1,882095
GPN,Global Payments Inc.,Information Technology,Data Processing & Outsourced Services,"Atlanta, Georgia",2016/4/25,1123360
GS,Goldman Sachs Group,Financials,Investment Banking & Brokerage,"New York, New York",2002/7/22,886982
GT,Goodyear Tire & Rubber,Consumer Discretionary,Tires & Rubber,"Akron, Ohio",,42582
GWW,Grainger (W.W.) Inc.,Industrials,Industrial Machinery,"Lake Forest, Illinois",1981/6/30,277135
HAL,Halliburton Co.,Energy,Oil & Gas Equipment & Services,"Houston, Texas",,45012
HBI,Hanesbrands Inc,Consumer Discretionary,"Apparel, Accessories & Luxury Goods","Winston-Salem, North Carolina",2015/3/20,1359841
HOG,Harley-Davidson,Consumer Discretionary,Motorcycle Manufacturers,"Milwaukee, Wisconsin",,793952
HRS,Harris Corporation,Information Technology,Communications Equipment,"Melbourne, Florida",2008/9/22,202058
HIG,Hartford Financial Svc.Gp.,Financials,Property & Casualty Insurance,"Hartford, Connecticut",,874766
HAS,Hasbro Inc.,Consumer Discretionary,Leisure Products,"Pawtucket, Rhode Island",1984/9/30,46080
HCA,HCA Holdings,Health Care,Health Care Facilities,"Nashville, Tennessee",2015/1/27,860730
HCP,HCP Inc.,Real Estate,Health Care REITs,"Long Beach, California",2008/3/31,765880
HP,Helmerich & Payne,Energy,Oil & Gas Drilling,"Tulsa, Oklahoma[7]",2010/3/1,46765
HSIC,Henry Schein,Health Care,Health Care Distributors,"Melville, New York",2015/3/17,1000228
HSY,The Hershey Company,Consumer Staples,Packaged Foods & Meats,"Hershey, Pennsylvania",,47111
HES,Hess Corporation,Energy,Integrated Oil & Gas,"New York, New York",1984/5/31,4447
HPE,Hewlett Packard Enterprise,Information Technology,"Technology Hardware, Storage & Peripherals","Palo Alto, California",2015/11/2,1645590
HLT,Hilton Worldwide?Holdings Inc,Consumer Discretionary,"Hotels, Resorts & Cruise Lines","Tysons Corner, Virginia",2017/6/19,1585689
HOLX,Hologic,Health Care,Health Care Equipment,"Marlborough, Massachusetts",2016/3/30,859737
HD,Home Depot,Consumer Discretionary,Home Improvement Retail,"Atlanta, Georgia",1988/3/31,354950
HON,Honeywell Int'l Inc.,Industrials,Industrial Conglomerates,"Morristown, New Jersey",1964/3/31,773840
HRL,Hormel Foods Corp.,Consumer Staples,Packaged Foods & Meats,"Austin, Minnesota",2009/3/4,48465
HST,Host Hotels & Resorts,Real Estate,Hotel & Resort REITs,"Bethesda, Maryland",2007/3/20,1070750
HPQ,HP Inc.,Information Technology,"Technology Hardware, Storage & Peripherals","Palo Alto, California",1974/12/31,47217
HUM,Humana Inc.,Health Care,Managed Health Care,"Louisville, Kentucky",,49071
HBAN,Huntington Bancshares,Financials,Regional Banks,"Columbus, Ohio",,49196
HII,Huntington Ingalls Industries,Industrials,Aerospace & Defense,"Newport News, Virginia",2018/1/3,1501585
IDXX,IDEXX Laboratories,Health Care,Health Care Equipment,"Westbrook, Maine",2017/1/5,874716
INFO,IHS Markit Ltd.,Industrials,Research & Consulting Services,"London,?United Kingdom",2017/6/2,1598014
ITW,Illinois Tool Works,Industrials,Industrial Machinery,"Glenview, Illinois",1986/2/28,49826
ILMN,Illumina Inc,Health Care,Life Sciences Tools & Services,"San Diego, California",2015/11/19,1110803
IR,Ingersoll-Rand PLC,Industrials,Industrial Machinery,"Dublin, Ireland",2010/11/17,1466258
INTC,Intel Corp.,Information Technology,Semiconductors,"Santa Clara, California",1976/12/31,50863
ICE,Intercontinental Exchange,Financials,Financial Exchanges & Data,"Atlanta, Georgia",2007/9/26,1571949
IBM,International Business Machines,Information Technology,IT Consulting & Other Services,"Armonk, New York",,51143
INCY,Incyte,Health Care,Biotechnology,"Wilmington, Delaware",2017/2/28,879169
IP,International Paper,Materials,Paper Packaging,"Memphis, Tennessee",,51434
IPG,Interpublic Group,Consumer Discretionary,Advertising,"New York, New York",1992/10/1,51644
IFF,Intl Flavors & Fragrances,Materials,Specialty Chemicals,"New York, New York",1976/3/31,51253
INTU,Intuit?Inc.,Information Technology,Internet Software & Services,"Mountain View, California",2000/12/5,896878
ISRG,Intuitive Surgical Inc.,Health Care,Health Care Equipment,"Sunnyvale, California",2008/6/2,1035267
IVZ,Invesco Ltd.,Financials,Asset Management & Custody Banks,"Atlanta, Georgia",2008/8/21,914208
IPGP,IPG Photonics Corp.,Information Technology,Electronic Manufacturing Services,"Oxford, Massachusetts",2018/3/7,1111928
IQV,IQVIA?Holdings Inc.,Health Care,Life Sciences Tools & Service,"Durham, North Carolina",2017/8/29,1478242
IRM,Iron Mountain Incorporated,Real Estate,Specialized REITs,"Boston, Massachusetts",2009/1/6,1020569
JEC,Jacobs Engineering Group,Industrials,Construction & Engineering,"Pasadena, California",2007/10/26,52988
JBHT,J. B. Hunt Transport Services,Industrials,Trucking,"Lowell, Arkansas",2015/7/1,728535
SJM,JM Smucker,Consumer Staples,Packaged Foods & Meats,"Orrville, Ohio",2008/11/6,91419
JNJ,Johnson & Johnson,Health Care,Health Care Equipment,"New Brunswick, New Jersey",1973/6/30,200406
JCI,Johnson Controls International,Industrials,Building Products,"Cork, Ireland",2010/8/27,833444
JPM,JPMorgan Chase & Co.,Financials,Diversified Banks,"New York, New York",1975/6/30,19617
JNPR,Juniper Networks,Information Technology,Communications Equipment,"Sunnyvale, California",,1043604
KSU,Kansas City Southern,Industrials,Railroads,"Kansas City, Missouri",2013/5/24,54480
K,Kellogg Co.,Consumer Staples,Packaged Foods & Meats,"Battle Creek, Michigan",,55067
KEY,KeyCorp,Financials,Regional Banks,"Cleveland, Ohio",1994/3/1,91576
KMB,Kimberly-Clark,Consumer Staples,Household Products,"Irving, Texas",,55785
KIM,Kimco Realty,Real Estate,Retail REITs,"New Hyde Park, New York",2006/4/4,879101
KMI,Kinder Morgan,Energy,Oil & Gas Storage & Transportation,"Houston, Texas",2012/5/25,1506307
KLAC,KLA-Tencor Corp.,Information Technology,Semiconductor Equipment,"Milpitas, California",,319201
KSS,Kohl's?Corp.,Consumer Discretionary,General Merchandise Stores,"Menomonee Falls, Wisconsin",,885639
KHC,Kraft Heinz?Co,Consumer Staples,Packaged Foods & Meats,"Pittsburgh, Pennsylvania",2015/7/6,1637459
KR,Kroger Co.,Consumer Staples,Food Retail,"Cincinnati, Ohio",,56873
LB,L Brands Inc.,Consumer Discretionary,Apparel Retail,"Columbus, Ohio",1983/9/30,701985
LLL,L-3 Communications Holdings,Industrials,Aerospace & Defense,"New York, New York",,1056239
LH,Laboratory Corp. of America Holding,Health Care,Health Care Services,"Burlington, North Carolina",2004/11/1,920148
LRCX,Lam Research,Information Technology,Semiconductor Equipment,"Fremont, California",2012/6/29,707549
LEG,Leggett & Platt,Consumer Discretionary,Home Furnishings,"Carthage, Missouri",,58492
LEN,Lennar Corp.,Consumer Discretionary,Homebuilding,"Miami, Florida",2005/10/4,920760
LUK,Leucadia National Corp.,Financials,Multi-Sector Holdings,"New York, New York",2007/8/27,96223
LLY,Lilly (Eli) & Co.,Health Care,Pharmaceuticals,"Indianapolis, Indiana",1970/12/31,59478
LNC,Lincoln National,Financials,Multi-line Insurance,"Radnor, Pennsylvania",1976/6/30,59558
LKQ,LKQ Corporation,Consumer Discretionary,Distributors,"Chicago, Illinois",2016/5/23,1065696
LMT,Lockheed Martin Corp.,Industrials,Aerospace & Defense,"Bethesda, Maryland",1984/7/31,936468
L,Loews Corp.,Financials,Multi-line Insurance,"New York, New York",,60086
LOW,Lowe's Cos.,Consumer Discretionary,Home Improvement Retail,"Mooresville, North Carolina",1984/2/29,60667
LYB,LyondellBasell,Materials,Specialty Chemicals,"Rotterdam, Netherlands",2012/9/5,1489393
MTB,M&T Bank Corp.,Financials,Regional Banks,"Buffalo, New York",,36270
MAC,Macerich,Real Estate,Retail REITs,"Santa Monica, California",2013/5/9,912242
M,Macy's Inc.,Consumer Discretionary,Department Stores,"Cincinnati, Ohio",,794367
MRO,Marathon Oil Corp.,Energy,Oil & Gas Exploration & Production,"Houston, Texas",1991/5/1,101778
MPC,Marathon Petroleum,Energy,Oil & Gas Refining & Marketing,"Findlay, Ohio",2011/7/1,1510295
MAR,Marriott Int'l.,Consumer Discretionary,"Hotels, Resorts & Cruise Lines","Bethesda, Maryland",,1048286
MMC,Marsh & McLennan,Financials,Insurance Brokers,"New York, New York",1987/8/31,62709
MLM,Martin Marietta Materials,Materials,Construction Materials,"Raleigh, North Carolina",2014/7/2,916076
MAS,Masco Corp.,Industrials,Building Products,"Taylor, Michigan",1981/6/30,62996
MA,Mastercard Inc.,Information Technology,Internet Software & Services,"Harrison, New York",2008/7/18,1141391
MAT,Mattel Inc.,Consumer Discretionary,Leisure Products,"El Segundo, California",1982/3/31,63276
MKC,McCormick & Co.,Consumer Staples,Packaged Foods & Meats,"Sparks, Maryland",,63754
MCD,McDonald's Corp.,Consumer Discretionary,Restaurants,"Oak Brook, Illinois",1970/6/30,63908
MCK,McKesson Corp.,Health Care,Health Care Distributors,"San Francisco, California",,927653
MDT,Medtronic plc,Health Care,Health Care Equipment,"Dublin,?Ireland",1986/10/31,64670
MRK,Merck & Co.,Health Care,Pharmaceuticals,"Whitehouse Station, New Jersey",,310158
MET,MetLife Inc.,Financials,Life & Health Insurance,"New York, New York",,1099219
MTD,Mettler Toledo,Health Care,Life Sciences Tools & Services,"Columbus, Ohio",2016/9/6,1037646
MGM,MGM Resorts International,Consumer Discretionary,Casinos & Gaming,"Paradise, Nevada",2017/7/26,789570
KORS,Michael Kors Holdings,Consumer Discretionary,"Apparel, Accessories & Luxury Goods","New York, New York",2013/11/13,1530721
MCHP,Microchip Technology,Information Technology,Semiconductors,"Chandler, Arizona",2007/9/7,827054
MU,Micron Technology,Information Technology,Semiconductors,"Boise, Idaho",1994/9/27,723125
MSFT,Microsoft Corp.,Information Technology,Systems Software,"Redmond, Washington",1994/6/1,789019
MAA,Mid-America Apartments,Real Estate,Residential REITs,"Memphis, Tennessee",2016/12/2,912595
MHK,Mohawk Industries,Consumer Discretionary,Home Furnishings,"Amsterdam, New York",2013/12/23,851968
TAP,Molson Coors Brewing Company,Consumer Staples,Brewers,"Denver, Colorado",1976/6/30,24545
MDLZ,Mondelez International,Consumer Staples,Packaged Foods & Meats,"Northfield, Illinois",2012/10/2,1103982
MON,Monsanto Co.,Materials,Fertilizers & Agricultural Chemicals,"Creve Coeur, Missouri",2002/8/7,1110783
MNST,Monster Beverage,Consumer Staples,Soft Drinks,"Corona, California",2012/6/28,865752
MCO,Moody's Corp,Financials,Financial Exchanges & Data,"New York, New York",,1059556
MS,Morgan Stanley,Financials,Investment Banking & Brokerage,"New York, New York",,895421
MOS,The Mosaic Company,Materials,Fertilizers & Agricultural Chemicals,"Plymouth, Minnesota",2011/9/26,1285785
MSI,Motorola Solutions Inc.,Information Technology,Communications Equipment,"Schaumburg, Illinois",,68505
MSCI,MSCI Inc,Financials,Financial Exchanges & Data,"New York, New York",2018/4/4,1408198
MYL,Mylan N.V.,Health Care,Pharmaceuticals,"Amsterdam,?Netherlands",2004/4/23,69499
NDAQ,"Nasdaq, Inc.",Financials,Financial Exchanges & Data,"New York, New York",2008/10/22,1120193
NOV,National Oilwell Varco Inc.,Energy,Oil & Gas Equipment & Services,"Houston, Texas",2005/3/14,1021860
NAVI,Navient,Financials,Consumer Finance,"Wilmington, Delaware",2014/5/1,1593538
NKTR,Nektar Therapeutics,Health Care,Pharmaceuticals,"San Francisco, California",2018/3/19,906709
NTAP,NetApp,Information Technology,Internet Software & Services,"Sunnyvale, California",1999/6/25,1002047
NFLX,Netflix Inc.,Information Technology,Internet Software & Services,"Los Gatos, California",2010/12/20,1065280
NWL,Newell Brands,Consumer Discretionary,Housewares & Specialties,"Sandy Springs, Georgia",1989/4/30,814453
NFX,Newfield Exploration Co,Energy,Oil & Gas Exploration & Production,"Houston, Texas",2010/12/20,912750
NEM,Newmont Mining Corporation,Materials,Gold,"Denver, Colorado",1969/6/30,1164727
NWSA,News Corp. Class A,Consumer Discretionary,Publishing,"New York, New York",2013/8/1,1564708
NWS,News Corp. Class B,Consumer Discretionary,Publishing,"New York, New York",2015/9/18,1564708
NEE,NextEra Energy,Utilities,Multi-Utilities,"Juno Beach, Florida",1976/6/30,753308
NLSN,Nielsen Holdings,Industrials,Research & Consulting Services,"New York, New York",2013/7/9,1492633
NKE,Nike,Consumer Discretionary,"Apparel, Accessories & Luxury Goods","Washington County, Oregon",1988/11/30,320187
NI,NiSource Inc.,Utilities,Multi-Utilities,"Merrillville, Indiana",,1111711
NBL,Noble Energy Inc,Energy,Oil & Gas Exploration & Production,"Houston, Texas",2007/10/8,72207
JWN,Nordstrom,Consumer Discretionary,Department Stores,"Seattle, Washington",1986/8/31,72333
NSC,Norfolk Southern Corp.,Industrials,Railroads,"Norfolk, Virginia",,702165
NTRS,Northern Trust Corp.,Financials,Asset Management & Custody Banks,"Chicago, Illinois",,73124
NOC,Northrop Grumman Corp.,Industrials,Aerospace & Defense,"West Falls Church, Virginia",1985/6/30,1133421
NCLH,Norwegian Cruise Line,Consumer Discretionary,"Hotels, Resorts & Cruise Lines","Miami, Florida",2017/10/13,1513761
NRG,NRG Energy,Utilities,Independent Power Producers & Energy Traders,"Princeton, New Jersey",2010/1/29,1013871
NUE,Nucor Corp.,Materials,Steel,"Charlotte, North Carolina",1985/4/30,73309
NVDA,Nvidia Corporation,Information Technology,Semiconductors,"Santa Clara, California",2001/11/30,1045810
ORLY,O'Reilly Automotive,Consumer Discretionary,Specialty Stores,"Springfield, Missouri",2009/3/27,898173
OXY,Occidental Petroleum,Energy,Oil & Gas Exploration & Production,"Los Angeles, California",1982/12/31,797468
OMC,Omnicom Group,Consumer Discretionary,Advertising,"New York, New York",,29989
OKE,ONEOK,Energy,Oil & Gas Storage & Transportation,"Tulsa, Oklahoma",2010/3/15,1039684
ORCL,Oracle Corp.,Information Technology,Application Software,"Redwood Shores, California",1989/8/31,1341439
PCAR,PACCAR Inc.,Industrials,Construction Machinery & Heavy Trucks,"Bellevue, Washington",1980/12/31,75362
PKG,Packaging Corporation of America,Materials,Paper Packaging,"Lake Forest, Illinois",2017/7/26,75677
PH,Parker-Hannifin,Industrials,Industrial Machinery,"Cleveland, Ohio",1985/11/30,76334
PAYX,Paychex Inc.,Information Technology,Internet Software & Services,"Penfield, New York",,723531
PYPL,PayPal,Information Technology,Data Processing & Outsourced Services,"San Jose, California",2015/7/20,1633917
PNR,Pentair Ltd.,Industrials,Industrial Machinery,"Worsley, UK",2012/10/1,77360
PBCT,People's United Financial,Financials,Thrifts & Mortgage Finance,"Bridgeport, Connecticut",2008/11/13,1378946
PEP,PepsiCo Inc.,Consumer Staples,Soft Drinks,"Purchase, New York",,77476
PKI,PerkinElmer,Health Care,Health Care Equipment,"Waltham, Massachusetts",1985/5/31,31791
PRGO,Perrigo,Health Care,Pharmaceuticals,"Dublin, Ireland",2011/12/19,1585364
PFE,Pfizer Inc.,Health Care,Pharmaceuticals,"New York, New York",,78003
PCG,PG&E Corp.,Utilities,Multi-Utilities,"San Francisco, California",,1004980
PM,Philip Morris International,Consumer Staples,Tobacco,"New York, New York",2008/3/31,1413329
PSX,Phillips 66,Energy,Oil & Gas Refining & Marketing,"Houston, Texas",2012/5/1,1534701
PNW,Pinnacle West Capital,Utilities,Multi-Utilities,"Phoenix, Arizona",,764622
PXD,Pioneer Natural Resources,Energy,Oil & Gas Exploration & Production,"Irving, Texas",2008/9/24,1038357
PNC,PNC Financial Services,Financials,Regional Banks,"Pittsburgh, Pennsylvania",1988/4/30,713676
RL,Polo Ralph Lauren Corp.,Consumer Discretionary,"Apparel, Accessories & Luxury Goods","New York, New York",2007/2/2,1037038
PPG,PPG Industries,Materials,Specialty Chemicals,"Pittsburgh, Pennsylvania",,79879
PPL,PPL Corp.,Utilities,Electric Utilities,"Allentown, Pennsylvania",,922224
PX,Praxair Inc.,Materials,Industrial Gases,"Danbury, Connecticut",1992/7/1,884905
PFG,Principal Financial Group,Financials,Life & Health Insurance,"Des Moines, Iowa",2002/7/22,1126328
PG,Procter & Gamble,Consumer Staples,Personal Products,"Cincinnati, Ohio",,80424
PGR,Progressive Corp.,Financials,Property & Casualty Insurance,"Mayfield Village, Ohio",1997/8/4,80661
PLD,Prologis,Real Estate,Industrial REITs,"San Francisco, California",2003/7/17,1045609
PRU,Prudential Financial,Financials,Life & Health Insurance,"Newark, New Jersey",2002/7/22,1137774
PEG,Public Serv. Enterprise Inc.,Utilities,Electric Utilities,"Newark, New Jersey",,788784
PSA,Public Storage,Real Estate,Specialized REITs,"Glendale, California",2005/8/19,1393311
PHM,Pulte Homes Inc.,Consumer Discretionary,Homebuilding,"Atlanta, Georgia",1984/4/30,822416
PVH,PVH Corp.,Consumer Discretionary,"Apparel, Accessories & Luxury Goods","New York, New York",2013/2/15,78239
QRVO,Qorvo,Information Technology,Semiconductors,"Greensboro, North Carolina",2015/6/11,1604778
PWR,Quanta Services Inc.,Industrials,Construction & Engineering,"Houston, Texas",2009/7/1,1050915
QCOM,QUALCOMM Inc.,Information Technology,Semiconductors,"San Diego, California",,804328
DGX,Quest Diagnostics,Health Care,Health Care Services,"Madison, New Jersey",2002/12/12,1022079
RRC,Range Resources Corp.,Energy,Oil & Gas Exploration & Production,"Fort Worth, Texas",2007/12/21,315852
RJF,Raymond James Financial Inc.,Financials,Investment Banking & Brokerage,"St. Petersburg, Florida",2017/3/20,720005
RTN,Raytheon Co.,Industrials,Aerospace & Defense,"Waltham, Massachusetts",,1047122
O,Realty Income Corporation,Real Estate,Retail REITs,"San Diego, California",2015/4/7,726728
RHT,Red Hat Inc.,Information Technology,Systems Software,"Raleigh, North Carolina",2009/7/27,1087423
REG,Regency Centers Corporation,Real Estate,Retail REITs,"Jacksonville, Florida",2017/3/2,910606
REGN,Regeneron,Health Care,Biotechnology,"Tarrytown, New York",2013/5/1,872589
RF,Regions Financial Corp.,Financials,Regional Banks,"Birmingham, Alabama",1998/8/28,1281761
RSG,Republic Services Inc,Industrials,Environmental & Facilities Services,"Phoenix, Arizona",2008/12/5,1060391
RMD,ResMed,Health Care,Health Care Equipment,"San Diego, California",2017/7/26,943819
RHI,Robert Half International,Industrials,Human Resource & Employment Services,"Menlo Park, California",2000/12/5,315213
ROK,Rockwell Automation Inc.,Industrials,Electrical Components & Equipment,"Milwaukee, Wisconsin",,1024478
COL,Rockwell Collins,Industrials,Aerospace & Defense,"Cedar Rapids, Iowa",2001/7/2,1137411
ROP,Roper Technologies,Industrials,Industrial Conglomerates,"Sarasota, Florida",2009/12/23,882835
ROST,Ross Stores,Consumer Discretionary,Apparel Retail,"Pleasanton, California",2009/12/21,745732
RCL,Royal Caribbean Cruises Ltd,Consumer Discretionary,"Hotels, Resorts & Cruise Lines","Miami, Florida",2014/12/5,884887
CRM,Salesforce.com,Information Technology,Internet Software & Services,"San Francisco, California",2008/9/15,1108524
SBAC,SBA Communications,Real Estate,Specialized REITs,"Boca Raton, Florida",2017/9/1,1034054
SCG,SCANA Corp,Utilities,Multi-Utilities,"Cayce, South Carolina",2009/1/2,754737
SLB,Schlumberger Ltd.,Energy,Oil & Gas Equipment & Services,"Cura?ao,?Kingdom of the Netherlands",1965/3/31,87347
STX,Seagate Technology,Information Technology,"Technology Hardware, Storage & Peripherals","Dublin, Ireland",2012/7/2,1137789
SEE,Sealed Air,Materials,Paper Packaging,"Elmwood Park, New Jersey",,1012100
SRE,Sempra Energy,Utilities,Multi-Utilities,"San Diego, California",,1032208
SHW,Sherwin-Williams,Materials,Specialty Chemicals,"Cleveland, Ohio",1964/6/30,89800
SPG,Simon Property Group Inc,Real Estate,Retail REITs,"Indianapolis, Indiana",2002/6/26,1063761
SWKS,Skyworks Solutions,Information Technology,Semiconductors,"Woburn, Massachusetts",2015/3/12,4127
SLG,SL Green Realty,Real Estate,Office REITs,"New York, New York",2015/3/20,1040971
SNA,Snap-On Inc.,Consumer Discretionary,Household Appliances,"Kenosha, Wisconsin",1982/9/30,91440
SO,Southern Co.,Utilities,Electric Utilities,"Atlanta, Georgia",,92122
LUV,Southwest Airlines,Industrials,Airlines,"Dallas, Texas",1994/7/1,92380
SPGI,"S&P Global, Inc.",Financials,Financial Exchanges & Data,"New York, New York",,64040
SWK,Stanley Black & Decker,Consumer Discretionary,Household Appliances,"New Britain, Connecticut",1982/9/30,93556
SBUX,Starbucks Corp.,Consumer Discretionary,Restaurants,"Seattle, Washington",,829224
STT,State Street Corp.,Financials,Asset Management & Custody Banks,"Boston, Massachusetts",,93751
SRCL,Stericycle Inc,Industrials,Environmental & Facilities Services,"Lake Forest, Illinois",2008/11/19,861878
SYK,Stryker Corp.,Health Care,Health Care Equipment,"Kalamazoo, Michigan",2000/12/12,310764
STI,SunTrust Banks,Financials,Regional Banks,"Atlanta, Georgia",1988/5/31,750556
SIVB,SVB Financial,Financials,Regional Banks,"Santa Clara, California",2018/3/19,719739
SYMC,Symantec Corp.,Information Technology,Application Software,"Mountain View, California",2003/3/25,849399
SYF,Synchrony Financial,Financials,Consumer Finance,"Stamford, Connecticut",2015/11/18,1601712
SNPS,Synopsys Inc.,Information Technology,Application Software,"Mountain View, California",2017/3/16,883241
SYY,Sysco Corp.,Consumer Staples,Food Distributors,"Houston, Texas",1986/12/31,96021
TROW,T. Rowe Price Group,Financials,Asset Management & Custody Banks,"Baltimore, Maryland",,1113169
TTWO,Take-Two Interactive,Information Technology,Home Entertainment Software,"New York, NY",2018/3/19,946581
TPR,"Tapestry, Inc.",Consumer Discretionary,"Apparel, Accessories & Luxury Goods","New York, New York",,1116132
TGT,Target Corp.,Consumer Discretionary,General Merchandise Stores,"Minneapolis, Minnesota",1976/12/31,27419
TEL,TE Connectivity Ltd.,Information Technology,Electronic Manufacturing Services,"Schaffhausen, Switzerland",2011/10/17,1385157
FTI,TechnipFMC,Energy,Oil & Gas Equipment & Services,"London,?United Kingdom",2009/6/5,1681459
TXN,Texas Instruments,Information Technology,Semiconductors,"Dallas, Texas",,97476
TXT,Textron Inc.,Industrials,Aerospace & Defense,"Providence, Rhode Island",1978/12/31,217346
TMO,Thermo Fisher Scientific,Health Care,Health Care Equipment,"Waltham, Massachusetts",,97745
TIF,Tiffany & Co.,Consumer Discretionary,"Apparel, Accessories & Luxury Goods","New York, New York",2000/6/21,98246
TWX,Time Warner Inc.,Consumer Discretionary,Cable & Satellite,"New York, New York",,1105705
TJX,TJX Companies Inc.,Consumer Discretionary,Apparel Retail,"Framingham, Massachusetts",1985/9/30,109198
TMK,Torchmark Corp.,Financials,Life & Health Insurance,"McKinney, Texas",1989/4/30,320335
TSS,Total System Services,Information Technology,Internet Software & Services,"Columbus, Georgia",2008/1/2,721683
TSCO,Tractor Supply Company,Consumer Discretionary,Specialty Stores,"Brentwood, Tennessee",2014/1/24,916365
TDG,TransDigm Group,Industrials,Aerospace & Defense,"Cleveland, Ohio",2016/6/3,1260221
TRV,The Travelers Companies Inc.,Financials,Property & Casualty Insurance,"New York, New York",2002/8/21,86312
TRIP,TripAdvisor,Consumer Discretionary,Internet & Direct Marketing Retail,"Newton, Massachusetts",2011/12/21,1526520
FOXA,Twenty-First Century Fox Class A,Consumer Discretionary,Publishing,"New York, New York",2013/7/1,1308161
FOX,Twenty-First Century Fox Class B,Consumer Discretionary,Publishing,"New York, New York",2015/9/18,1308161
TSN,Tyson Foods,Consumer Staples,Packaged Foods & Meats,"Springdale, Arkansas",,100493
UDR,UDR Inc,Real Estate,Residential REITs,"Highlands Ranch, Colorado",2016/3/7,74208
ULTA,Ulta Beauty,Consumer Discretionary,Specialty Stores,"Bolingbrook, Illinois",2016/4/18,1403568
USB,U.S. Bancorp,Financials,Diversified Banks,"Minneapolis, Minnesota",,36104
UAA,Under Armour?Class A,Consumer Discretionary,"Apparel, Accessories & Luxury Goods","Baltimore, Maryland",2016/3/25,1336917
UA,Under Armour?Class C,Consumer Discretionary,"Apparel, Accessories & Luxury Goods","Baltimore, Maryland",2014/5/1,1336917
UNP,Union Pacific,Industrials,Railroads,"Omaha, Nebraska",,100885
UAL,United Continental Holdings,Industrials,Airlines,"Chicago, Illinois",2015/9/3,100517
UNH,United Health Group Inc.,Health Care,Managed Health Care,"Minnetonka, Minnesota",1994/7/1,731766
UPS,United Parcel Service,Industrials,Air Freight & Logistics,"Atlanta, Georgia",2002/7/22,1090727
URI,"United Rentals, Inc.",Industrials,Trading Companies & Distributors,"Stamford, Connecticut",2014/9/20,1067701
UTX,United Technologies,Industrials,Aerospace & Defense,"Hartford, Connecticut",,101829
UHS,"Universal Health Services, Inc.",Health Care,Health Care Facilities,"King of Prussia, Pennsylvania",2014/9/20,352915
UNM,Unum Group,Financials,Life & Health Insurance,"Chattanooga, Tennessee",1994/3/1,5513
VFC,V.F. Corp.,Consumer Discretionary,"Apparel, Accessories & Luxury Goods","Greensboro, North Carolina",1979/6/30,103379
VLO,Valero Energy,Energy,Oil & Gas Refining & Marketing,"San Antonio, Texas",,1035002
VAR,Varian Medical Systems,Health Care,Health Care Equipment,"Palo Alto, California",2007/2/12,203527
VTR,Ventas Inc,Real Estate,Health Care REITs,"Chicago, Illinois",2009/3/4,740260
VRSN,Verisign Inc.,Information Technology,Internet Software & Services,"Dulles, Virginia",2006/2/1,1014473
VRSK,Verisk Analytics,Industrials,Research & Consulting Services,"Jersey City, New Jersey",2015/10/8,1442145
VZ,Verizon Communications,Telecommunication Services,Integrated Telecommunication Services,"New York, New York",1983/11/30,732712
VRTX,Vertex Pharmaceuticals Inc,Health Care,Biotechnology,"Cambridge, Massachusetts",2013/9/23,875320
VIAB,Viacom Inc.,Consumer Discretionary,Cable & Satellite,"New York, New York",,1339947
V,Visa Inc.,Information Technology,Internet Software & Services,"San Francisco, California",2009/12/21,1403161
VNO,Vornado Realty Trust,Real Estate,Office REITs,"New York, New York",,899689
VMC,Vulcan Materials,Materials,Construction Materials,"Birmingham, Alabama",1999/6/30,1396009
WMT,Wal-Mart Stores,Consumer Staples,Hypermarkets & Super Centers,"Bentonville, Arkansas",1982/8/31,104169
WBA,Walgreens Boots Alliance,Consumer Staples,Drug Retail,"Deerfield, Illinois",1979/12/31,1618921
DIS,The Walt Disney Company,Consumer Discretionary,Cable & Satellite,"Burbank, California",1976/6/30,1001039
WM,Waste Management Inc.,Industrials,Environmental & Facilities Services,"Houston, Texas",,823768
WAT,Waters Corporation,Health Care,Health Care Distributors,"Milford, Massachusetts",,1000697
WEC,Wec Energy Group Inc,Utilities,Electric Utilities,"Milwaukee, Wisconsin",2008/10/31,783325
WFC,Wells Fargo,Financials,Diversified Banks,"San Francisco, California",1976/6/30,72971
WELL,Welltower Inc.,Real Estate,Health Care REITs,"Toledo, Ohio",2009/1/30,766704
WDC,Western Digital,Information Technology,"Technology Hardware, Storage & Peripherals","Irvine, California",2009/7/1,106040
WU,Western Union Co,Information Technology,Internet Software & Services,"Englewood, Colorado",,1365135
WRK,WestRock Company,Materials,Paper Packaging,"Richmond, Virginia",,1636023
WY,Weyerhaeuser Corp.,Real Estate,Specialized REITs,"Federal Way, Washington",,106535
WHR,Whirlpool Corp.,Consumer Discretionary,Household Appliances,"Benton Harbor, Michigan",,106640
WMB,Williams Cos.,Energy,Oil & Gas Storage & Transportation,"Tulsa, Oklahoma",1975/3/31,107263
WLTW,Willis Towers Watson,Financials,Insurance Brokers,"London, United Kingdom",2016/1/5,1140536
WYN,Wyndham Worldwide,Consumer Discretionary,"Hotels, Resorts & Cruise Lines","Parsippany, New Jersey",,1361658
WYNN,Wynn Resorts?Ltd,Consumer Discretionary,Casinos & Gaming,"Paradise, Nevada",2008/11/14,1174922
XEL,Xcel Energy Inc,Utilities,Multi-Utilities,"Minneapolis, Minnesota",,72903
XRX,Xerox Corp.,Information Technology,"Technology Hardware, Storage & Peripherals","Norwalk, Connecticut",,108772
XLNX,Xilinx Inc,Information Technology,Semiconductors,"San Jose, California",1999/11/8,743988
XL,XL Capital,Financials,Property & Casualty Insurance,"Hamilton, Bermuda",,875159
XYL,Xylem Inc.,Industrials,Industrial Machinery,"White Plains, New York",2011/11/1,1524472
YUM,Yum! Brands Inc,Consumer Discretionary,Restaurants,"Louisville, Kentucky",1997/10/6,1041061
ZBH,Zimmer Biomet Holdings,Health Care,Health Care Equipment,"Warsaw, Indiana",2001/8/7,1136869
ZION,Zions Bancorp,Financials,Regional Banks,"Salt Lake City, Utah",2001/6/22,109380
ZTS,Zoetis,Health Care,Pharmaceuticals,"Florham Park, New Jersey",2013/6/21,1555280
